Customer,DBA Name,TDLR Number,City,State,Zip code
77002,No results,,,,
A&R BRAKE SERVICE LLC,KAR CARRIEGE TRANSMISSION,006583164C,HOUSTON,TX,77021
IMPERIAL TRANSPORT LLC,IMPERIAL TOWING,006552449C,HOUSTON,TX,77021
J&N TOWING AND TRANSPORT LLC,,006570303C,HOUSTON,TX,77021
MARY'S TOWING & RECOVERY INC,,006622335C,HOUSTON,TX,77021
ADAM & BROS INC,PREMIER AUTO SERVICES,006587558C,JERSEY VILLAGE,TX,77040
B & B VEHICLE STORAGE LLC,B & B VEHICLE STORAGE,006503229C,HOUSTON,TX,77040
IRON EAGLE TOWING,IRON EAGLE TOWING,006472624C,HOUSTON,TX,77040
JACARAH GROUP LLC,TOW-OPS WRECKER SERVICE,006569482C,HOUSTON,TX,77040
JADE VIP TRANSPORT LLC,,006617811C,HOUSTON,TX,77040
MATCH TOWING & TRANSPORTATION LLC,,006627400C,HOUSTON,TX,77040
77059,No results,,,,
77078,No results,,,,
77098,No results,,,,
77384,No results,,,,
SAMPSON TOWING LLC,SAMPSON TOWING,006597556C,SUGAR LAND,TX,77479
HOUSTON CENTRAL TOWING LLC,,006600148C,SUGAR LAND,TX,77479
HTX SHINE & DETAIL LLC,MAVERICK TOW SERVICE,006619372C,SUGAR LAND,TX,77479
IMPERIAL RECOVERY SERVICE,I R SERVICES,005590151C,SUGAR LAND,TX,77479
KAREN MILLER,LC TOWING,006581792C,SUGAR LAND,TX,77479
BOYLE HEIGHTS TOWING LLC,,006621114C,GALENA PARK,TX,77547
"MORENO'S DIESEL, LLC",,006624427C,GALENA PARK,TX,77547
ROCKET TOWING,,006328509C,GALENA PARK,TX,77547
ROY GILLIE,GILLIE'S WRECKER SERVICE,005007638C,GALENA PARK,TX,77547
77003,No results,,,,
ADRIAN HERNANDEZ,N.V'S AUTO TRANSPORT,006619383C,HOUSTON,TX,77022
GUTI'S TOWING & RECOVERY LLC,GUTI'S TOWING & RECOVERY LLC,006594523C,HOUSTON,TX,77022
JORGE MARTINEZ,N/A,006400882C,HOUSTON,TX,77022
OSCAR'S WRECKER SERVICE,,005570308C,HOUSTON,TX,77022
RAUL MONTELONGO,ROY'S WRECKER SERVICE,005005068C,HOUSTON,TX,77022
HAWARA AUTO WRECKER,,005149362C,HOUSTON,TX,77041
HOUSTON AUTO TECH INC.,,005317647C,HOUSTON,TX,77041
SABAH WAELI,FIREBALL TOWING,006593212C,HOUSTON,TX,77041
SAM'S TOWING & RECOVERY LLC,,006624677C,HOUSTON,TX,77041
WALTER RIVERA,B.A.K.W.B. CORPORATION,006446835C,HOUSTON,TX,77041
YIELD TRANSPORT INC,,006557502C,HOUSTON,TX,77041
ALLAN WRECKER LLC,,006607793C,HOUSTON,TX,77060
ARTURO JR WRECKER,,006169339C,HOUSTON,TX,77060
GASPAR CARBAJAL,,006315738C,HOUSTON,TX,77060
ISMAEL CASTREJON,CASTREJON'S WRECKER SERVICE,006553820C,HOUSTON,TX,77060
JUAN SAUL CORNEJO,JSC TOWING,006611006C,HOUSTON,TX,77060
PR TOWING TX LLC,PR TOWING,006596154C,HOUSTON,TX,77060
ROBERTO TREJO,U & M,006617681C,HOUSTON,TX,77060
TONY'S AUTO M,,005806047C,HOUSTON,TX,77060
FOX TOWING AND RECOVERY LLC,,006563709C,HOUSTON,TX,77079
PRO WRECKER ENTERPRISES LLC,ALFA TOWING,006460905C,HOUSTON,TX,77079
SIBERIA HOUSTON LNA LLC,EXPRO AUTO TOWING,006334280C,HOUSTON,TX,77079
"SIBERIA HOUSTON LNA, LLC",EXPRO AUTO COLLISION & REPAIR CENTER,006264656C,HOUSTON,TX,77079
AUTUMN A SALIH,LAMM TOWING,006455061C,HOUSTON,TX,77099
DIRON INVESTMENTS LLC,CARWASH & AUTO CENTER,006621064C,HOUSTON,TX,77099
ROBERTO DAVALOS,ROBERTO'S TOWING,006624637C,HOUSTON,TX,77099
RUDY GUZMAN,HOUSTON TEXAS TOWING,006538315C,HOUSTON,TX,77099
"A PLUS TOWING, LLC",A PLUS STORAGE/BIG OAKS STORAGE,005940489C,CONROE,TX,77385
CFM TOWING LLC,,006580171C,CONROE,TX,77385
LARRY WAYNE COOKSEY,WAYNES 1ST USA INVESTMENTS,005635927C,CONROE,TX,77385
RICKEY SNIDER DBA RICKEY'S WRECKER SERVI,,005036979C,CONROE,TX,77385
SOUTH COUNTY WRECKER SERVICE LLC,QUIK TOW WRKR & SOUTH CNTY WRKER & STOR,006484013C,CONROE,TX,77385
"WCS LEASING, LLC",MARS RECOVERY,006448676C,CONROE,TX,77385
"290 WRECKER SERVICE, INC.",HWY 290 WRECKER SERVICE,005697854C,HOCKLEY,TX,77484
GASOLINO'S LLC,GASOLINO'S TRANSPORTATION,006602280C,WALLER,TX,77484
"MACARIO, INC",RELFECTIONS PAINT & BODY,006323099C,WALLER,TX,77484
PD TOWING OF HOUSTON LLC,PD TOWING OF HOUSTON,006553860C,WALLER,TX,77484
"C&G GARCIA TRANSPORTATION, LLC",,006594793C,LA PORTE,TX,77571
JUMPMAN TOWING LLC,,006489578C,LA PORTE,TX,77571
THOMASON TOWING,,006085503C,LA PORTE,TX,77571
77004,No results,,,,
A. MARTINEZ WRECKER SERVICE LLC,,006590061C,HOUSTON,TX,77023
JONNY DELGADO,HTX PRO TOWING & RECOVERY,006616572C,HOUSTON,TX,77023
JOSE G LUNA,RECOVERY SOLUTIONS,006616802C,HOUSTON,TX,77023
JULIO MOSCOSO,JULIO'S TOWING & TRANSPORTATION,006583694C,HOUSTON,TX,77023
AMIR A ANGHA,3A SERVICES,006004336C,HOUSTON,TX,77042
DELGADO TOWING LLC,,006623647C,HOUSTON,TX,77042
JUAN WILMER CACERES RIVAS,WJ TOWING SERVICES,006626489C,HOUSTON,TX,77042
OMAR REYES,,006478459C,HOUSTON,TX,77042
SAHID ZAHER,S&E AUTO TRANSPORTATION,006625698C,HOUSTON,TX,77042
WAHSH ENTERPRISES LLC,SWIFT AUTO TOWING,006626879C,HOUSTON,TX,77042
ALEJANDRO CARS & TRUCKS INC,,006437888C,HOUSTON,TX,77061
ARMANDO GALINDO PEREZ,A & SONS WRECKER SERVICE,006606202C,HOUSTON,TX,77061
LINARES AUTO SERVICE LLC,,006629141C,HOUSTON,TX,77080
MEREJILDO VASQUEZ,BLUE EAGLE TOWING,006581752C,HOUSTON,TX,77080
STEIN AUTO REPAIR LLC,STEIN AUTO REPAIR,006624377C,HOUSTON,TX,77080
YUN WAN GIM,JD TOWING 2,006488066C,HOUSTON,TX,77080
77204,No results,,,,
DISCOUNT QUALITY CAR CARE,,006418056C,SPRING,TX,77386
"MILSTEAD AUTOMOTIVE, LTD",MILSTEAD AUTOMOTIVE,0000039048,SPRING,TX,77386
R & A TOWING LLC,,006555151C,SPRING,TX,77386
UNIQUE TOWING & TRANSPORT LLC,,006522603C,SPRING,TX,77386
77489,No results,,,,
ACTION RECOVERY INC,,006495982C,LEAGUE CITY,TX,77573
ACTION TOWING INC,,005075583C,LEAGUE CITY,TX,77573
BARTON FERDINAND,,006628861C,LEAGUE CITY,TX,77573
BAYTOWN WRECKER SERVICE INC,BAYTOWN COLLISION CENTER,006503369C,LEAGUE CITY,TX,77573
CLASSIC TRANSPORT,,005165714C,LEAGUE CITY,TX,77573
"GOLDENLINE TOWING, INC.",,006587468C,LEAGUE CITY,TX,77573
GULF COAST AUTO & TRUCK,GULF COAST AUTO & TRUCK REPAIR INC,006418906C,LEAGUE CITY,TX,77573
KDF RECOVERY LLC,,006625258C,LEAGUE CITY,TX,77573
LEAGUE CITY TOWING INC,,006477639C,LEAGUE CITY,TX,77573
M&M TOWING TRANSPORTATION & STORAGE LLC,,006628791C,LEAGUE CITY,TX,77573
MATTHEW DEWITT,DEWITT WRECKER,006270536C,LEAGUE CITY,TX,77573
SILVERLINE TRANSPORTATION INC,,006583534C,LEAGUE CITY,TX,77573
"STAMPEDE TOWING, INC.",,006102874C,LEAGUE CITY,TX,77573
V&R TOWING INC,,006558312C,LEAGUE CITY,TX,77573
77005,No results,,,,
FAST LINK TOWING INC,,006587298C,HOUSTON,TX,77024
NORTH AMERICA RSA INC,,006581272C,HOUSTON,TX,77024
MAYA'S TOWING LLC,,006607753C,HOUSTON,TX,77043
MOMEN ABURUB,HAYA EXPRESS TOWING,006584485C,HOUSTON,TX,77043
PEDRO D. HERNANDEZ,YAMIS TOWING,006180150C,HOUSTON,TX,77043
REYES TOWING,VICTOR M REYES,006485594C,HOUSTON,TX,77043
77062,No results,,,,
JONATHAN ALARCON,JON'S WRECKER SERVICE,006504670C,HOUSTON,TX,77081
"R & C AUTO SERVICES, INC.",RODRIGO'S PAINT & BODY,006015187C,HOUSTON,TX,77081
77325,No results,,,,
77388,No results,,,,
77492,No results,,,,
GASS AUTOMOTIVE INC,,006445414C,LEAGUE CITY,TX,77574
LOUIS WENZEL,BAYOU CITY WRECKER,006061561C,LEAGUE CITY,TX,77574
77006,No results,,,,
GUSTAVO ADOLFO NAVARRO ZAPET,TEJANO'S TOWING,006625568C,HOUSTON,TX,77025
"HOUSTON PLATINUM COLLISION PROS, LLC",,006540167C,HOUSTON,TX,77025
SANA EBRAHIMI,DISCOUNT TOWING,006541008C,HOUSTON,TX,77025
AMERICAN TOWING & TRUCK REPAIR LLC,,006588679C,HOUSTON,TX,77044
BAMBINO?S TOWING LLC,,006542970C,HOUSTON,TX,77044
FRANKLIN A DOMINGUEZ,ALD TOWING,006612798C,HOUSTON,TX,77044
MEGAN C TOWING LLC,,006623486C,HOUSTON,TX,77044
MONTERREY TOWING SERVICES LLC,,006563408C,HOUSTON,TX,77044
TEXANS BEST WRECKER SERVICE LLC,TEXANS BEST WRECKER SERVICE,006531961C,HOUSTON,TX,77044
ALL DAY TRANSPORTATION LLC,TOWN TOWING,006590271C,HOUSTON,TX,77063
ANCHIA'S AUTOMOTIVE COMPANY,ANCHIA'S FLEET CARE,006501847C,HOUSTON,TX,77063
ASHRAF ABURAMADAN,CHAMPION COLLISION CENTER,005669389C,HOUSTON,TX,77063
BMW PREVENTATIVE MAINTENANCE INC,FLATBED ONLY,006505741C,HOUSTON,TX,77063
CITYWIDEAUTOTOWINGINC,,006539867C,HOUSTON,TX,77063
JOAN CANTERO ESTEVEZ,ESTEVEZ TOWING RECOVERY,006554390C,HOUSTON,TX,77063
MAHMOUD SHALABI,ROYAL HOUSE TOWING,006628611C,HOUSTON,TX,77063
ON HOOK TOWING & RECOVERY LLC,ON HOOK TOWING & RECOVERY,006606382C,HOUSTON,TX,77063
PMC TOWING LLC,,006614059C,HOUSTON,TX,77063
STARLINE TOWING LLC,,006623206C,HOUSTON,TX,77063
UNIVERSAL TRANSMISSION COMPLETE AUTO REP,,006585766C,HOUSTON,TX,77063
1ST CHOICE ROADSIDE ASSISTANCE LLC,1ST CHOICE ROADSIDE ASSISTANCE,006596104C,HOUSTON,TX,77082
ATSG AMERICAN TOWING SERVICE GROUP LLC.,,006604402C,HOUSTON,TX,77082
B LEGIT INVESTMENTS LLC,,006621715C,HOUSTON,TX,77082
METROPOLITAN TOWING LLC,METRO AUTO TRANSPORT & SALES,006457072C,HOUSTON,TX,77082
RABIU ADIO,BAOKU ISE OTAN AUTO,006560595C,HOUSTON,TX,77082
SAID ABUJABER,TWINS AUTO TOWING,006628961C,HOUSTON,TX,77082
77336,No results,,,,
77389,No results,,,,
101 CAR ZONE LLC,,006604212C,KATY,TX,77493
FELLERS RESOURCES LLC,,006611867C,KATY,TX,77493
G & L TOWING LLC,,006613189C,KATY,TX,77493
MAHMOUD EL JICHI,EASY TOW,006593993C,KATY,TX,77493
TOW & BEHOLD LLC,TOW & BEHOLD,006626969C,KATY,TX,77493
TWINS E TOWING LLC,,006599618C,KATY,TX,77493
YZD TOWING LLC,,006628661C,KATY,TX,77493
BASSAM SAID,B S B,006616442C,MANVEL,TX,77578
BOYCES GLOBAL ENTERPRISE LLC,BGE TOWING,006592301C,MANVEL,TX,77578
JC WRECKER SERVICE LLC,J.C. AUTO COLLISION,005770763C,MANVEL,TX,77578
TRUST TOWING SERVICE LLC,,006624597C,MANVEL,TX,77578
77007,No results,,,,
77026,No results,,,,
APPLE TOWING CO.,APPLE TOWING CO.,005015138C,HOUSTON,TX,77045
F. A TOWING,,006409738C,HOUSTON,TX,77045
JAIME CAMPOS,CAMPOS TOWING,006533411C,HOUSTON,TX,77045
MARCO ALDANA,M & A WRECKER SERVICE,005844141C,HOUSTON,TX,77045
"TNT AUTO ENTERPRISES, INC",,005331988C,HOUSTON,TX,77045
BAYRON ANTONIO MARADIAGA,MARADIAGA TOWING,006619873C,HOUSTON,TX,77064
"CALDERON TOWING, LLC",,006421437C,HOUSTON,TX,77064
JAIME RAMOS,COMMUNITY WRECKER SERVICE,006426240C,HOUSTON,TX,77064
OSCAR F HERNANDEZ VELASQUEZ,TEXSTAR TOWING SERVICE,006424619C,HOUSTON,TX,77064
SK AUTO GROUP LLC,SBK TOWING & SERVICES,006596735C,HOUSTON,TX,77064
TORRES TOWING TX LLC,,006610005C,HOUSTON,TX,77064
WILLIAM ERNESTO BATRES,BATRES WRECKER SERVICE.,006558483C,HOUSTON,TX,77064
AC CENTER LLC,ALLIED COLLISION & AUTO REPAIR,006530600C,HOUSTON,TX,77083
ALLIED COLLISION CENTER INC,,006431814C,HOUSTON,TX,77083
ANDREW MOKORO,MICHAEL'S WRECKER SERVICE,006627029C,HOUSTON,TX,77083
AWAIS ADIL,OASIS CAR CARE,006525515C,HOUSTON,TX,77083
DAVID CRUZ-MARTINEZ,D. C. AUTO TRANSPORT,006542550C,HOUSTON,TX,77083
G&G USED AUTO PARTS INC.,,005933358C,HOUSTON,TX,77083
HICHAM BAKIR,FLATBED NEAR ME,006592021C,HOUSTON,TX,77083
JUAN F ULLOA,HWY 36 COLLISION CENTER,006440780C,HOUSTON,TX,77083
KALEEM SIDDIQUI,BABA TOWING,005858363C,HOUSTON,TX,77083
LUIS A VASQUEZ,DJ TOWING,006440220C,HOUSTON,TX,77083
"M & K FRIENDS, LLC",TOW365,006620473C,HOUSTON,TX,77083
RELENTLESS TOW SOLUTIONS LLC,,006627289C,HOUSTON,TX,77083
TRUSTWORTHY UNLIMITED INC.,TRUSTWORTHY WRECKER SERVICE,006554791C,HOUSTON,TX,77083
ARNOLDO MARTINEZ,,006518241C,HUMBLE,TX,77338
GREENSPOINT TOWING LLC,GREENSPOINT TOWING & RECOVERY,006535653C,HUMBLE,TX,77338
HUSTLETOWN HOLDINGS LLC,RECOVERY ASSOCIATES,006516018C,HUMBLE,TX,77338
MISAEL GALO,MG TOWING,006522473C,HUMBLE,TX,77338
RALSTON PHILLIPS,PEOPLE'S CHOICE TOWING N RECOVERY,006591991C,HUMBLE,TX,77338
SOSA'S RECOVERY SERVICES,SOSA'S RECOVERY SERVICES,006597085C,HUMBLE,TX,77338
SUPERIOR TOWING TX LLC,ON SITE TOWING,006626679C,HUMBLE,TX,77338
CHARLOTTE SANCHEZ,CHARLOTTE'S WRECKER SERVICE,005058101C,HUMBLE,TX,77396
ENIO JR ROMERO,ROMERO'S TOWING,006609064C,HUMBLE,TX,77396
FLAWLESS TOWING LLC,,006589370C,HUMBLE,TX,77396
GARETH FRANCIS,VENOM TOWING AND RECOVERY,006451658C,HUMBLE,TX,77396
HUMBLE TOWING SERVICE,,005470419C,HUMBLE,TX,77396
JESUS ZAPATA,ZAPATAS TOWING,006419226C,HUMBLE,TX,77396
JOSE ROMERO,,006313728C,HUMBLE,TX,77396
LOUIS ADRIAN TEAL,HUMBLE WRECKER SERVICE,005035759C,HUMBLE,TX,77396
NORTH HOUSTON MOTORS INC.,,005056091C,HUMBLE,TX,77396
STEVENGAINES,POOCHIE & SONS TOWING,006562307C,HUMBLE,TX,77396
"AMINE TOWING, LLC.",,006607643C,KATY,TX,77494
GCC USA LLC,BUDGET TOWING,006542340C,KATY,TX,77494
KATY TOWING LLC,,006563238C,KATY,TX,77494
NIGHT VISION TOWING AND RECOVERY LLC,,006538415C,KATY,TX,77494
RESCUE TOWING GROUP LLC,,006615621C,KATY,TX,77494
TOMMY GS TOWING INC,,006618201C,KATY,TX,77494
LANDONS HEAVY WRECKER SERVICE,,006178540C,PEARLAND,TX,77581
MODERN SPEED WORKS LLC,,006619342C,PEARLAND,TX,77581
SALTY GATORS LLC,ROADSIDE HERO,006624197C,PEARLAND,TX,77581
"YARD MULE SPECIALISTS, INC.",,006495582C,PEARLAND,TX,77581
"ZORIN GROUP, LLC",TEXAS MOTOR CLUB,006603861C,PEARLAND,TX,77581
HOUSTON EMERGENCY AUTO RESCUE & TRUCKING,H.E.A.R.T,006505060C,HOUSTON,TX,77008
MOMENTUM TOWING & ROADSIDE SERVICES LLC,,006545071C,HOUSTON,TX,77008
RAUL M BARRADAS,M B R AUTO TOWING,006511064C,HOUSTON,TX,77008
U.S. AUTO CONNECTION,,005036129C,HOUSTON,TX,77008
W. E. ENTERPRISES,,005105077C,HOUSTON,TX,77008
ALL AMERICAN TOWING AND TRANSPORT LLC,ALL AMERICAN SERVICES,006554540C,HOUSTON,TX,77027
"HARTWICK AUTO STORAGE, LLC",LONGHORN TOWING,006620684C,HOUSTON,TX,77027
77046,No results,,,,
77065,No results,,,,
A&S ROAD SERVICE LLC,,006563148C,HOUSTON,TX,77084
ALI MOHAMAD EL NASSAR,N.B.C TOWING,006603261C,HOUSTON,TX,77084
ANGELINE TOWING LLC,,006617381C,HOUSTON,TX,77084
BEAR CREEK CSI INC,,006432314C,HOUSTON,TX,77084
GREGORY LONGORIA,LSI WRECKER SERVICE,006567711C,HOUSTON,TX,77084
INSTANT ROADSIDE ASSISTANT LLC,,006499005C,HOUSTON,TX,77084
MAJID JABER,MJ FAST,006628190C,HOUSTON,TX,77084
MARIA BERMUDEZ,EXPEDITED TOWING LLC,006530720C,HOUSTON,TX,77084
MOE'S TRANSPORT & TOWING LLC,,006614340C,HOUSTON,TX,77084
RT TOWING LLC,,006594123C,HOUSTON,TX,77084
SOLO MECHANICS AND TOWING SERVICE,SOLO MECHANIC & TOWING SERVICE,005559197C,HOUSTON,TX,77084
ESTRAFER WRECKER SERVICE LLC,,006613549C,KINGWOOD,TX,77339
"TURBO WRECKERS, LTD CO.",,006614750C,KINGWOOD,TX,77339
BEST ONE TOWING SERVICES,,006533571C,BELLAIRE,TX,77401
"PRIVATE PROPERTY TOW, LLC",,006541098C,BELLAIRE,TX,77401
"ELITE TOWING SERVICE, INC.",,005235890C,STAFFORD,TX,77497
T. G. CERDA INC.,A+ STATEWIDE TOWING AND HAULING,005659548C,STAFFORD,TX,77497
AMAZING J TOWING II INC,,006613199C,PEARLAND,TX,77584
EXPRESS TOWING & RECOVERY,,006415504C,PEARLAND,TX,77584
K BENSON HOLDINGS INCORPORATED,ALL STAR TOWING,006621374C,PEARLAND,TX,77584
M.D. WILSON WRECKER SERVICE,MD WILSON SERVICES,006460865C,PEARLAND,TX,77584
"PARTS UNLIMITED, INC.",,005548937C,PEARLAND,TX,77584
"RED'S WRECKER SERVICE, INC.",,005037289C,PEARLAND,TX,77584
SOUTH LOOP TOWING LLC,SOUTH LOOP TOWING,006510864C,PEARLAND,TX,77584
AB TOWING LLC,,006553049C,HOUSTON,TX,77009
JORGE Z GUERRERO,CITY LIMITS TOWING SERVICE,005871944C,HOUSTON,TX,77009
VICTOR SANCHEZ,SANCHEZ WRECKER SERVICE,006549005C,HOUSTON,TX,77009
RODERICK SELLERS,ALL NIGHT TOWING,006420207C,HOUSTON,TX,77028
WARREN BRYANT,WB'S USED AUTO SALES INC.,006596845C,HOUSTON,TX,77028
WAYSIDE TOWING LLC,,006541999C,HOUSTON,TX,77028
PARTS R US LLC,CULLEN AUTO TOWING,006460725C,HOUSTON,TX,77047
RONALD BANKS,HOLDING MY OWN TOWING,006586037C,HOUSTON,TX,77047
CCH AUTOMOTIVE REPAIR LLC,,006514987C,HOUSTON,TX,77066
JORGE LUIS COREA MUNOZ,LIGHTNING TOWING,006607633C,HOUSTON,TX,77066
JOSE C SALMERON,C & S AUTO SALES,006402974C,HOUSTON,TX,77066
OSCAR ALVARENGA,AJ TOWING,006592941C,HOUSTON,TX,77066
"OSORTO, MARIN",MYZ TOWING RECOVERY & TRANSPORT LLC,005956501C,HOUSTON,TX,77066
ROBERTO HENRIQUEZ,MR H AUTO SALES,006579841C,HOUSTON,TX,77066
"1 TEXAS ADJUSTERS, LLC",TEXAS ADJUSTERS,006606392C,HOUSTON,TX,77085
AMERICA'S BEST RECYCLING LLC,,006618572C,HOUSTON,TX,77085
77345,No results,,,,
CHRISTOPHER VELASQUEZ,C AND D TOWING AND RECOVERY,006441270C,RICHMOND,TX,77406
CLASSIC TOWING TX INC,,006625188C,RICHMOND,TX,77406
FRANCISCO GOMEZ,GOMEZ TOWING,005702305C,RICHMOND,TX,77406
HABIBI TOWING LLC,,006624717C,RICHMOND,TX,77406
INTIME TOWING AND RECOVERY INC,,006617461C,RICHMOND,TX,77406
JASON ADAME,HOOK'EM & PULL'EM,006486485C,RICHMOND,TX,77406
MOHAMAD ELLOUBANI,CITYWIDE TRANSPORT,006586698C,RICHMOND,TX,77406
ROADLINK TOWING LLC,,006526046C,RICHMOND,TX,77406
RUSHDI R. ALI,WILCREST TOWING,006613749C,RICHMOND,TX,77406
SALEM ABDALLAT,SALEM ABDALLAT TOWING,006588119C,RICHMOND,TX,77406
SAMER RASHID,BLUE TOWING SERVICE,006598457C,RICHMOND,TX,77406
SUPERIOR TOWING & PARKING SOLUTIONS LLC,,006623496C,RICHMOND,TX,77406
TEXAS AUTO TECHS INC,HOUSTON AUTO SERVICES / H.E.A.R.T,006554951C,RICHMOND,TX,77406
"TRAVEL TOWING SERVICE, LLC",,006601159C,RICHMOND,TX,77406
WILLIAMS RELIABLE TOWING,,006342711C,RICHMOND,TX,77406
ELEVATED COLLISION LLC,,006613369C,SUGAR LAND,TX,77498
FRANCISCO A GONZALEZ,CARRILLO TOW TRUCKS,006491500C,SUGAR LAND,TX,77498
HOUTEX TOWING & RECOVERY LLC,,006577460C,SUGAR LAND,TX,77498
IMPERIAL WRECKER SERVICE INC.,,006410279C,SUGAR LAND,TX,77498
RUSH HOUR LLC,,006626909C,SUGAR LAND,TX,77498
SERENITY TOWING SERVICE LLC,,006626859C,SUGAR LAND,TX,77498
TEXANS CROWN TECH INC,TEXANS CROWN TOWING,006598016C,SUGARLAND,TX,77498
77586,No results,,,,
77010,No results,,,,
CRB TOWING LLC,,006536243C,HOUSTON,TX,77029
FREDERICK CLARK,FRED'S SCRAP METAL WRECKER SERVICE,005051611C,HOUSTON,TX,77029
RAMON ANTONIO ENAMORADO,EL CHINO TOWING,006447826C,HOUSTON,TX,77029
JAVIER MENDOZA,P&J AUTO SALES,006446054C,HOUSTON,TX,77048
RIGHT WAY TOWING LLC,,006553630C,HOUSTON,TX,77048
ANTHONY GONZALEZ,NORTH KING WRECKERS,006604262C,HOUSTON,TX,77067
ASSET RECOVERY PROS INC,RECOVERY PROS DBA METRO LENDERS SERVICES,006478579C,HOUSTON,TX,77067
"MH ROADSIDE ASSISTANCE, LLC",MH ROADSIDE ASSISTANCE & TOWING,006602310C,HOUSTON,TX,77067
6630 TRUCK AUTO SALES & TOWING SERVICE,6630 TRUCK AUTO SALES & TOW SERV,006420327C,HOUSTON,TX,77086
A & B TOWING,,006502087C,HOUSTON,TX,77086
CARLOS CARRANZA,ILK AUTO TOWING SERVICE,006508432C,HOUSTON,TX,77086
EDGAR ENRIQUE SALMERON CHAVEZ,EYK TOWING SERVICE,006585586C,HOUSTON,TX,77086
ERICK J AGUILAR,EJ TOWING,006582543C,HOUSTON,TX,77086
J GUADALUPE HERNANDEZ,GH TOWING SERVICE,006553650C,HOUSTON,TX,77086
PROSTAR TOWING & TRANSPORT LLC,,006574608C,HOUSTON,TX,77086
SANTILLAN TOWING LLC,,006608053C,HUMBLE,TX,77346
WOOTEN TRANSPORTATION SERVICES LLC,FOURWAY TRANSPORTATION TOWING,006551227C,HUMBLE,TX,77346
A&E AUTOMOTIVE LLC,,006628511C,RICHMOND,TX,77407
CERRITOS TOWING SERVICE,,006406217C,RICHMOND,TX,77407
DEJI ALEBIOSU,DA3,006588459C,RICHMOND,TX,77407
HA TOWING LLC,,006618952C,RICHMOND,TX,77407
MOON RIDES LLC,KATY RICHMOND TOWING,006593712C,RICHMOND,TX,77407
REGUS SERVICES INC,,006628160C,RICHMOND,TX,77407
TOW BUDDY LLC,,006607313C,RICHMOND,TX,77407
WASEEM ABU DAWOUD,Q & Y TOWING,006184670C,RICHMOND,TX,77407
COASTAL ASSET RECOVERY SOLUTIONS LLC,,006614190C,PASADENA,TX,77502
JANE CARREON,JADE TOWING SERVICE,006571254C,PASADENA,TX,77502
JOSE VALADEZ,MAP TRANSPORT,006626118C,PASADENA,TX,77502
JUAN JOSE HERNANDEZ,GULF GATE TOWING,005922378C,PASADENA,TX,77502
MARTIN ESTRADA,ESTRADA'S TOWING,006543391C,PASADENA,TX,77502
NEXT TOW & RECOVERY LLC,,006601470C,PASADENA,TX,77502
PASADENA TOWING,,005610434C,PASADENA,TX,77502
SWINDOLL PAINT & BODY SHOP,SWINDOLL PAINT & BODY SHOP,006483883C,PASADENA,TX,77502
TEXAS REGULATORS INC,,006621464C,PASADENA,TX,77502
TEXAS SWIFT TRANSPORTATION LLC,,006613729C,PASADENA,TX,77502
"U-P AUTO SALES, INC.",,005705245C,PASADENA,TX,77502
A&H WRECKER SERVICE LLC,,006592051C,SOUTH HOUSTON,TX,77587
JOE MEZA,AFFORDABLE CAR CARRIERS,005393573C,SOUTH HOUSTON,TX,77587
SMG ROADSIDE ASSISTANCE,ST MOSES TOWING,006539076C,SOUTH HOUSTON,TX,77587
ALBERT GUTIERREZ,MR G WRECKER SERVICE,005025159C,HOUSTON,TX,77011
ANDREW GOMEZ,SOUTH CENTRAL TOWING & RECOVERY,005399234C,HOUSTON,TX,77011
BELLS TOWING INCORORATED,,005798597C,HOUSTON,TX,77011
BEST TOW,"CANNINO WEST, INC.",005943830C,HOUSTON,TX,77011
JUAN VALLE,VALLE'S WRECKER SERVICE,006602981C,HOUSTON,TX,77011
"WAYSIDE FINANCE, INC.",,005708575C,HOUSTON,TX,77011
77030,No results,,,,
ALL IN TOWING & RECOVERY,,006532441C,HOUSTON,TX,77049
ALL OUT TOWING AND RECOVERY LLC,,006557382C,HOUSTON,TX,77049
AUTO MOTO TOWING LLC,,006584105C,HOUSTON,TX,77049
JOSE M. MEDRANO,CHOCHI TOWING SERVICES,006450217C,HOUSTON,TX,77049
KARINA VENCES,WILD EAST TOWING,006589340C,HOUSTON,TX,77049
LOS GARCIA TOWING SERVICE LLC,LOS GARCIA TOWING SERVICE,006404976C,HOUSTON,TX,77049
ROBERTH TOWING LLC,,006113125C,HOUSTON,TX,77049
GONZALEZ WRECKER SERVICE LLC,,006612568C,HOUSTON,TX,77068
OLIVER TOWING,,005644427C,HOUSTON,TX,77068
H.F.A.C.,,006542680C,HOUSTON,TX,77087
HOMER SALINAS,HOMER'S WRECKER SERVICE,005248532C,HOUSTON,TX,77087
SUCCESS AUTO TOWING,,006499775C,HOUSTON,TX,77087
ALEX TOWING LLC,,006582023C,MAGNOLIA,TX,77354
CLINTON BASS,BASS TOWING & RECOVERY,006493612C,MAGNOLIA,TX,77354
DK AUTO & DIESEL SERVICES INC,,005311267C,MAGNOLIA,TX,77354
HUSKEY'S TOWING & RECOVERY,,005525175C,MAGNOLIA,TX,77354
JULIO AGUILAR ARREDONDO,JULIO AGUILAR TOWING,006623226C,MAGNOLIA,TX,77354
MC TOWING INC,,006611817C,MAGNOLIA,TX,77354
RICKEY BAACK,PAPA'S TOWING,006556961C,MAGNOLIA,TX,77354
SPRING CREEK WRECKER SERVICE,SPRING CREEK WRECKER,006480752C,MAGNOLIA,TX,77354
WINDCREST COLLISION CARSTAR,WINDCREST TOWING,006044009C,MAGNOLIA,TX,77354
ARLIND'S TOWING LLC,,006605831C,CYPRESS,TX,77429
DAVID NOKER,SUPER D TOWING,006581542C,CYPRESS,TX,77429
DIAMANTE WRECKER SERVICE LLC,,006596184C,CYPRESS,TX,77429
DWIGHT CANNON,D.C. WRECKER,005058861C,CYPRESS,TX,77429
JAMES SIMPSON,TEXAS ASSET ADJUSTERS LLC,006549255C,CYPRESS,TX,77429
MAVERICK'S TOWING & TRANSPORT LLC,,006608554C,CYPRESS,TX,77429
NORTHWAY WRECKER SERVICE INC,,006527938C,CYPRESS,TX,77429
STEVEEN MONTERROSO,STEVE'S TOWING,006539737C,CYPRESS,TX,77429
BAMBI HEAVY HAULERS LLC,BAMBI HEAVY TOWING,006590841C,PASADENA,TX,77503
BENITO RODRIGUEZ,BENNY'S WRECKER SERVICE,005571768C,PASADENA,TX,77503
CHARLIE HINDS WRECKER SERVICE INC.,CHARLIE HINDS WRECKER SERVICE,005151713C,PASADENA,TX,77503
"LARRY CERNOSEK ENTERPRISES, INC.",CERNOSEK ENTERPRISES,0000037880,PASADENA,TX,77503
RESURRECTING CLASSIC CARS LLC,,006558573C,PASADENA,TX,77503
TAINI-TAINI TOWING SERVICES LLC,,006579432C,PASADENA,TX,77503
W&W WRECKER SERVICES LLC,,006599728C,PASADENA,TX,77503
DOLLY PATKE,JJ & K TOWING & RECOVERY,006463458C,PEARLAND,TX,77588
"E.R.M. SALVAGE, INC",ALMEDA AUTO PARTS,006313328C,PEARLAND,TX,77588
"TOWCO, INC",,006544422C,PEARLAND,TX,77588
A & I WRECKER SERVICE,,005266963C,HOUSTON,TX,77012
JUSTO C. SALINAS,J SALINAS WRECKER SERVICE,005353809C,HOUSTON,TX,77012
77031,No results,,,,
77050,No results,,,,
77069,No results,,,,
DANTE REYES,KINGS BROTHERS WRECKER SERVICE,005510984C,HOUSTON,TX,77088
JUSSEIN I MARTIEZ,EVOLUTION TOWING,006499585C,HOUSTON,TX,77088
KB1 TOWING LLC,,006534262C,HOUSTON,TX,77088
LA 167 TOWING LLC,,006624367C,HOUSTON,TX,77088
MARCOS SILVAS MORONES,LOGISTICS TOWING,006573897C,HOUSTON,TX,77088
"MORENO, FRANCISCO",,005991205C,HOUSTON,TX,77088
RIGHT AWAY TOWING SERVICE LLC,RIGHT AWAY TOWING SERVICE,006476057C,HOUSTON,TX,77088
"CRP LOGISTICS, LLC",GATEWAY TOWING & RECOVERY,006530279C,NEW CANEY,TX,77357
EMC CAR CARE & TOWING L.L.C.,,006599428C,NEW CANEY,TX,77357
EMC TOWING,,005549867C,NEW CANEY,TX,77357
ERMENZON REYES,REYES TOWING,006591811C,NEW CANEY,TX,77357
HALEY WEBSTER,A & M TOWING,006628060C,NEW CANEY,TX,77357
IBARRA'S TOWING SERVICE,IBARRA'S TOWING SERVICE,006503689C,NEW CANEY,TX,77357
JEFFERY GOLDMAN,JEFF'S TOWING,006546903C,NEW CANEY,TX,77357
K & A TOWING LLC,,006616021C,NEW CANEY,TX,77357
KRS TOWING LLC,,006618392C,NEW CANEY,TX,77357
"NEW CANEY IMPOUND & SERVICES, LLC",,006566291C,NEW CANEY,TX,77357
PREDATOR RECOVERY,SURE SHOT RECOVERY,006448456C,NEW CANEY,TX,77357
"QUIROZ TRANSPORT, INC.",,006487826C,NEW CANEY,TX,77357
RICHARD QUEVEDO FLORES,QUEVEDO TRANSPORTATION,006617511C,NEW CANEY,TX,77357
24/7 TOW & TRANSPORTATION LLC,,006569312C,CYPRESS,TX,77433
CERTIFIED TOWING & TRANSPORT,,006479350C,CYPRESS,TX,77433
ELIZABETH CHAVEZ ROMERO,5 SPEED AUTO REPAIR,006533731C,CYPRESS,TX,77433
HOOKED BY AB LLC,,006626829C,CYPRESS,TX,77433
JOSH ASHTON,ZONE 5 TOWING & RECOVERY,006595334C,CYPRESS,TX,77433
LEGENDARY WRECKER SERVICE LLC,,006604472C,CYPRESS,TX,77433
SPACE CITY AUTO STORAGE LLC,,006604732C,"CYPRESS,",TX,77433
SUPERIOR TOWING TX LLC,CNR TOWING & RECOVERY,006626659C,CYPRESS,TX,77433
TOW RANGERS LLC,,006592741C,CYPRESS,TX,77433
77504,No results,,,,
"CHALLENGER TOWING, INC",,005526125C,WEBSTER,TX,77598
MUSA ALQADI,MS TOWING,006430243C,WEBSTER,TX,77598
SILVERUE HOLDING LLC,,006627249C,WEBSTER,TX,77598
VANCE INTERESTS LLC,,006575419C,WEBSTER,TX,77598
ZENAH AUTO TOWING LLC,CLEAR LAKE TOWING,006596595C,WEBSTER,TX,77598
FELIX MENDEZ,YOCELYN TOWING,006580161C,HOUSTON,TX,77013
UNIFIED AUTO WORKS PAINT & BODY INC.,UNIFIED AUTO WORKS,005963442C,HOUSTON,TX,77013
VIRGILIO CABALLERO GOMEZ,ALTERADO TOWING,006620904C,HOUSTON,TX,77013
ELEAZAR MORALES,DOCTOR CHECK MECHANIC SHOP,006502398C,HOUSTON,TX,77032
RAMON SANCHEZ MONTIEL,R&L TOWING,006595374C,HOUSTON,TX,77032
ULTIMATE TOWING LLC,,006592711C,HOUSTON,TX,77032
"GREEN RECYCLING, INC.",,006583504C,HOUSTON,TX,77051
WILLIAM MCKELVY-CAVITT,WMC TOWING,006565590C,HOUSTON,TX,77051
ANDRES F MEJIA,PRODIGY TOWING,006449497C,HOUSTON,TX,77070
FELIPA MORENO MARTINEZ,AFFORDABLE COLLISION CENTER AND AUTO REP,006451568C,HOUSTON,TX,77070
WRECK-A-MENDED TOWING & RECOVERY LLC,,006604702C,HOUSTON,TX,77070
JAMES DE LA CRUZ,ENDLESS TOWING,006502958C,HOUSTON,TX,77089
LVL UP TOWING LLC,,006555111C,HOUSTON,TX,77089
REZ GILL LLC,GILL'S TOWING,006586778C,HOUSTON,TX,77089
ROYAL AUTO TOWING LLC,,006557342C,HOUSTON,TX,77089
BBJ TOWING LLC,,006580251C,PORTER,TX,77365
"CR 506 TOWING AND RECOVERY, LLC",,006615681C,PORTER,TX,77365
EZGOINGTOWINGLLC,,006555702C,PORTER,TX,77365
FAUSTINO ROMERO,CITY MOTORS TOWING & RECOVERY,006560345C,PORTER,TX,77365
GIT R DONE TOWING LLC,,006597296C,PORTER,TX,77365
JAMES D HARGROVE JR,HARGROVE WRECKER & STORAGE,005030239C,PORTER,TX,77365
LUIS JAIMES,AZTEC RECOVERY,006565920C,PORTER,TX,77365
R&R TOWING AND RECOVERY LLC,,006596365C,PORTER,TX,77365
1 PCT TOWING & RECOVERY LLC,,006612768C,HOCKLEY,TX,77447
CLAY'S RECOVERY SERVICE LLC,RAUL & SONS TOWING,006477539C,HOCKLEY,TX,77447
MOSTAFA GAD,I TOW U,006606322C,HOCKLEY,TX,77447
RUSH HOUR TOWING INC,RUSH HOUR TOWING,006524104C,HOCKLEY,TX,77447
SHADI RAWASHDEH,TOWZONE TOWING & RECOVERY,006595994C,HOCKLEY,TX,77447
BRENDA GARZA,A.C.O. TOWING SERVICES,005908417C,PASADENA,TX,77505
COYIN WRECKER SERVICE LLC,,006576570C,PASADENA,TX,77505
"EADY, INC.",,005019448C,PASADENA,TX,77505
MAZEN ALI LLC,DIXIE TOWING,006527768C,PASADENA,TX,77505
PASADENA USED CARS LLC,,006483532C,PASADENA,TX,77505
PHILLIPS TOWING & RECOVERY INC.,,005015478C,PASADENA,TX,77505
PROWESS SERVICES LLC,GENIE TOWING,006522002C,PASADENA,TX,77505
ROGELIO LEYVA,NEXT AUTO PARTS,006460855C,PASADENA,TX,77505
SERGIO ALBERTO MAZARIEGO AGUILERA,MAZARIEGO MOBILE DIESEL REPAIR,006588129C,PASADENA,TX,77505
77014,No results,,,,
LARRY PATRICK O'NEAL,TOP NOTCH TOWING & RECOVERY,006564099C,HOUSTON,TX,77033
ORLANDO SANTOS,SANTOS WRECKER SERVICE,005732418C,HOUSTON,TX,77033
77052,No results,,,,
77071,No results,,,,
JONATHAN MENDOZA,MENDOZA TOWING.,006567901C,HOUSTON,TX,77090
MUNOZ AUTO SALES,,005881145C,HOUSTON,TX,77090
OSVALDO YANEZ,ORBIT TOWING,006614630C,HOUSTON,TX,77090
BEST PRICE TRANSMISSIONS & AUTO CARE LLC,,006608324C,SPRING,TX,77373
CUSTOM TOW ROADSIDE ASSISTANCE LLC,,006563618C,SPRING,TX,77373
FAST & FURIOUS TOWING LLC,,006526036C,PORTER,TX,77373
JOSE FERNANDEZ,SAMMY'S TOWING SERVICE,006486325C,SPRING,TX,77373
MELVIN MARTINEZ,MM TOWING,006620954C,SPRING,TX,77373
NELSON'S TOWING,NELSON'S TOWING,006478830C,SPRING,TX,77373
ON ROAD ROADSIDE ASSISTANCE COMPANY INC,,006479820C,SPRING,TX,77373
ON ROADSIDE ASSISTANCE AUSTIN INC,,006572976C,SPRING,TX,77373
RAFAEL ERNESTO CONSUEGRA,CONSUEGRA TOWING,006610135C,SPRING,TX,77373
RAPID HOOK LLC,RAPID AUTO,006586808C,SPRING,TX,77373
"S&Y ASSET RECOVERY, LLC",HARRIS COUNTY RECOVERY AGENCY,006501627C,SPRING,TX,77373
BERRETTA TOWING LLC,,006526116C,KATY,TX,77449
"CR7 TRANSPORT, LLC",RMA AUTO,006624317C,KATY,TX,77449
"GOLBOW'S GARAGE, INC.",,005052111C,KATY,TX,77449
HOMERO PROJECTS LLC,8TH WONDER TOWING,006611607C,KATY,TX,77449
JAVIER D MENDOZA,ASTROS TOWING,006569412C,KATY,TX,77449
JESUS ALVAREZ,HENRY TRANSPORT,006566882C,KATY,TX,77449
KATY TOWING & RECOVERY LLC,,006627880C,KATY,TX,77449
LEO'S WRECKER SERVICE LLC,,006589660C,KATY,TX,77449
MOHAMMED A. MAHANI,M & M TOWING,006482641C,KATY,TX,77449
QT TOWING LLC,,006622656C,KATY,TX,77449
REVILLA TOWING LLC,,006621344C,KATY,TX,77449
ROAD EXPERT TOWING LLC,ROAD SMART TOWING,006608224C,KATY,TX,77449
SAMUEL MEDINA,HARRIS & FT BEND COUNTY INVEST & REC,006499725C,KATY,TX,77449
ARTURO'S TOWING SERVICE,,006401242C,PASADENA,TX,77506
BEST RECYCLED AUTO PARTS LLC,,006583074C,PASADENA,TX,77506
HOMERO RIOS JR,RIFLOS TOWING,006619813C,PASADENA,TX,77506
JUAN ANGEL SANTANA JR,J SANTANA TOWING,006436998C,PASADENA,TX,77506
CHARLES ALYEA,ALL-STAR TOWING AND RECOVERY,006571695C,HOUSTON,TX,77015
EAST HOUSTON TOWING LLC,,005286745C,HOUSTON,TX,77015
HERNAN SANTA,SANTA'S TOWING,006451338C,HOUSTON,TX,77015
JIMBOS WRECKER SERVICES LLC,JIMBO'S WRECKER SERVICE,006428732C,HOUSTON,TX,77015
JOSE M GARZA,HERNANDEZ & SONS TOWING,006602370C,HOUSTON,TX,77015
JOSE MARTINEZ,PERFORMANCE TOWING,006545301C,HOUSTON,TX,77015
KERRY MAHARAJH,TOP NOTCH TOWING,006485224C,HOUSTON,TX,77015
LRKINGTRANSPORTLLC,,006568732C,HOUSTON,TX,77015
ASTRODOME TOWING SERVICES LLC,,006617841C,HOUSTON,TX,77034
JOSE SALINAS,REAPER TOWING & RECOVERY,006517590C,HOUSTON,TX,77034
KESHTA TOWING LLC,,006627500C,HOUSTON,TX,77034
MICHAEL ROMERO,STR8 TOWING,006553770C,HOUSTON,TX,77034
AJG ENTERPRISES LLC,ONE WAY TOWING,006615871C,HOUSTON,TX,77053
CARLOS BENITEZ,A PLUS CUSTOMS & RESTORATION,006533102C,HOUSTON,TX,77053
CARLOS BENITEZ,PRECISE TOWING & RECOVERY,006561136C,HOUSTON,TX,77053
CHRISTOPHER VILLAFUERTE,HOLLAND'S WRECKER SERVICE,006609275C,HOUSTON,TX,77053
CIRINO HERNANDEZ,LA FIESTA TOWING,006607743C,HOUSTON,TX,77053
EDWIN A CABEZA MOLINA,ANY TOWING,006617671C,HOUSTON,TX,77053
FERNANDO CARINO,FERNEYS WRECKER SERVICE,006487656C,HOUSTON,TX,77053
A1 WRECKER LLC,,006605701C,HOUSTON,TX,77072
JULIO MEZA,,006506031C,HOUSTON,TX,77072
L.ANGEL TOWING LLC,,006619192C,HOUSTON,TX,77072
"MICHEL KANAAN DEVELOPEMENT, INC.",NATION WIDE WRECKER SERVICE,006493002C,HOUSTON,TX,77072
SOUTH WEST TN WRECKER,SOUTHWEST TN WRECKER SERVICES,006413142C,HOUSTON,TX,77072
ARMANDO GARCIA,AMERICA AUTOMOTIVE,006523053C,HOUSTON,TX,77091
ASHA AUTOMOTIVE INC,CAR KING TOWING,006423648C,HOUSTON,TX,77091
JORGE SANTANA,SANTANA TOWING & WALKER COUNTY STORAGE,005075603C,HOUSTON,TX,77091
JOVEL WRECKER SERVICE,,006434857C,HOUSTON,TX,77091
SPACE CITY AUTOMOTIVE,,006535503C,HOUSTON,TX,77091
"ACE RECOVERY, LLC",,006619603C,TOMBALL,TX,77375
ELLEN D SMITH,S & B STORAGE,006606562C,TOMBALL,TX,77375
PRIME TIME TOWING,,006565150C,TOMBALL,TX,77375
S&B STORAGE AND TOWING LLC,,006532722C,TOMBALL,TX,77375
SKY CARGO TEXAS LLC,,006625668C,TOMBALL,TX,77375
77450,No results,,,,
77507,No results,,,,
ARZOLA AUTO TRANSPORT,,006465870C,HOUSTON,TX,77016
LEE STEPHENS,STEPHENS WRECKER SERVICE,005238911C,HOUSTON,TX,77016
MARSHALL WRECKER SERVICE,,005323657C,HOUSTON,TX,77016
PAZ LIZAMA-GUZMAN,HOUSTON SCRAP METAL RECYCLING,006582623C,HOUSTON,TX,77016
RIVERA TOWING,,006403124C,HOUSTON,TX,77016
B & B MAIN ST AUTO STORAGE,,0647889VSF,HOUSTON,TX,77035
KESSEM MERHAJI,ZAHRA TOWING,006574468C,HOUSTON,TX,77035
MINETTA AUTO STORAGE LLC,,006513336C,HOUSTON,TX,77035
RAMOS WRECKER SERVICE LLC,,005914938C,HOUSTON,TX,77035
TIMEWISE CORPORATION,ROADNET,006557181C,HOUSTON,TX,77035
TOW-AHOLIC WRECKER SERVICE LLC,TOW-AHOLIC,006461756C,HOUSTON,TX,77035
77054,No results,,,,
ALL-TEJAS TOWING & RECOVERY LLC,,006608254C,HOUSTON,TX,77073
CHARLES R JENNINGS,C & L TOWING,006480842C,HOUSTON,TX,77073
MARDOQUEO HERNANDEZ,2 M'S TOWING SERVICE,006583744C,HOUSTON,TX,77073
SPRING KLEIN AUTO & TRUCK,,006563318C,HOUSTON,TX,77073
JAIME CHAVEZ JR,ABN TOWING,006573136C,HUNTSVILLE,TX,77092
MOEANDFAMILY LLC,EPIC TOWING,006621935C,HOUSTON,TX,77092
ZEUS TOWING SERVICE,ZEUS TOWING SERVICE,006411761C,HOUSTON,TX,77092
HAMRA ENTERPRISE INC,INFINITY TOWING SVC,005726577C,TOMBALL,TX,77377
MICHAEL HERRETH,MCK MOTORS / WESTEND STORAGE/HUB WRECKER,005037880C,TOMBALL,TX,77377
COLLISION CLINIC LLC,,005023969C,MISSOURI CITY,TX,77459
ELIAS INVESTMENTS INC,MURPHY TOWING,006525445C,MISSOURI CITY,TX,77459
JERSEY BOY GROUP INC,A2 TWIN TOWING,006619703C,MISSOURI CITY,TX,77459
SLAND DEVELOPMENT LLC,COLONY TOWING,006560485C,MISSOURI CITY,TX,77459
BAY AREA RADIATOR & AUTO ELECTRIC INC,BAY AREA TOWING SERVICE,005731157C,BAYTOWN,TX,77520
BAYTOWN TOWING & RECOVERY LLC,,005102556C,BAYTOWN,TX,77520
JESSE OLIVARES,J&J AUTOTOWING,006481082C,BAYTOWN,TX,77520
LINDSEYS AUTOMOTIVE LLC,,005053171C,BAYTOWN,TX,77520
ECLIPSE TOWING & RECOVERY,,006543160C,HOUSTON,TX,77017
TEXAS BEST TOWING AND COLLISION INC,,006545471C,HOUSTON,TX,77017
CARLOS ROJAS,NELCAR AUTO SALES,006243964C,HOUSTON,TX,77036
DRA COLLISION CENTER INC,TRACTION COLLISION,006556741C,HOUSTON,TX,77036
HOUSTON TOWING & TRANSPORTATION,HOUSTON AUTO SERVICES/HEART,006477919C,HOUSTON,TX,77036
JEFFREY NEWMAN,BELLAIRE TOWING,005510874C,HOUSTON,TX,77036
THE CENTER @ PARKWAY INC,SOINC EXPRESS CAR CARE,006446445C,HOUSTON,TX,77036
AYH GROUP LLC,CLICK TOWING,006593752C,HOUSTON,TX,77055
"CHOI'S AUTO CARE & TOWING, LLC",,006581032C,HOUSTON,TX,77055
HERMILO BEIZA,BEIZA'S BODY SHOP,005064282C,HOUSTON,TX,77074
KHALID JAFRI,ANFA TOWING,006617591C,HOUSTON,TX,77074
OSWALDO ACEVES,SPEEDY TOWING SERVICE,006450047C,HOUSTON,TX,77074
WARDER FUNES,C-W TOWING,006606652C,HOUSTON,TX,77074
ALLSTAR RECOVERY ADJUSTERS LLC,,006592561C,HOUSTON,TX,77093
AMBER SANTOS,H TOWING,006625938C,HOUSTON,TX,77093
CATRACHO'S WRECKER CORPORATION,,006490229C,HOUSTON,TX,77093
EDGAR OMAR ORTEGA GARCIA,OMAR'S WRECKERS,006618452C,HOUSTON,TX,77093
FERNANDO RODRIGUEZ,FERNANDO'S TOWING,006465850C,HOUSTON,TX,77093
JUAN ALVARADO,ANGIOS TOWING,006599067C,HOUSTON,TX,77093
JUAN CERVANTES,J HOOK TOWING,006430943C,HOUSTON,TX,77093
JUAN IGNACIO GARCIA,REGIO'S WRECKER SERVICE,006316318C,HOUSTON,TX,77093
JUANITA MARTINEZ,M & J TOWING AND RECOVERY,006532752C,HOUSTON,TX,77093
LINDALE WRECKER SERVICE,,006439949C,HOUSTON,TX,77093
MILLER & SON WRECKER SERVICE,,005062212C,HOUSTON,TX,77093
RUSSELL BRYANT LOPEZ,6A'S TOWING,006566421C,HOUSTON,TX,77093
TEXAS IRON ADDICTZ TOWING & RECOVERY LLC,,006620814C,HOUSTON,TX,77093
"XTREME RECOVERY, LLC",,006615030C,HOUSTON,TX,77093
ZONE 3 COLLISION CENTER LLC,,006119336C,HOUSTON,TX,77093
RICARDO MACIAS,ROCK OF ANGELS,006335550C,SPRING,TX,77379
TEXAS TOW PROS LLC,,006596765C,SPRING,TX,77379
TOW SQUAD&RECOVERY LLC,,006541178C,SPRING,TX,77379
59 SOUTH TOWING LLC,,006622405C,RICHMOND,TX,77469
613 TOWING LLC,,006628030C,RICHMOND,TX,77469
A&S SELECT MANAGEMENT GROUP LLC,ALL AMERICAN TOWING,006611237C,RICHMOND,TX,77469
BY ACCIDENT INC.,OFF THE HOOK TOWING & RECOVERY,006139437C,RICHMOND,TX,77469
GRAND PARKWAY WRECKER SERVICE LLC,,006583734C,RICHMOND,TX,77469
"MARIO'S PAINT AND BODY,INC.",,005058881C,RICHMOND,TX,77469
MIKE'S WRECKER SERVICE,,005574568C,RICHMOND,TX,77469
MTR SPORTS INC,MOTORSPORTS WRECKER,006560976C,RICHMOND,TX,77469
PIONEER AUTO GROUP LLC,,006558723C,RICHMOND,TX,77469
ROAD EMERGENCY SERVICES LLC,,006601680C,ROSENBERG,TX,77469
ROYAL WRECKER SERVICE INC,,006525615C,RICHMOND,TX,77469
RUSSELL ROSSETT,PLATINUM WRECKER,006553519C,RICHMOND,TX,77469
TWIN CITIES TOWING INC,,006490329C,RICHMOND,TX,77469
TWIN CITIES TOWING INC,DOWN RITE TOWING,006505040C,RICHMOND,TX,77469
CALIBER WRECKER SERVICE LLC,,006598046C,CHANNELVIEW,TX,77530
2 BROTHER'S WRECKER SERVICE LLC,,006621234C,CHANNELVIEW,TX,77530
ALEX CANALES,NORTHEAST WRECKER SERVICE,006456562C,CHANNELVIEW,TX,77530
BLACK KNIGHT WRECKER SERVICE LLC,,006610326C,CHANNELVIEW,TX,77530
E&L WRECKER SERVICE LLC,,006595754C,CHANNELVIEW,TX,77530
FINELINE AUTO SALES LLC,FINELINE TOWING,006596064C,CHANNELVIEW,TX,77530
GROMEX CONVERTERS LTD. CO.,,006598967C,CHANNELVIEW,TX,77530
KEYS WRECKER SERVICE,,005168084C,CHANNELVIEW,TX,77530
LEE CALLAWAY,CALLAWAY COLLISION,006528829C,CHANNELVIEW,TX,77530
TEX-MAR TOWING & RECOVERY INC,,006493222C,CHANNELVIEW,TX,77530
CORPORATE AUTO SERVICES INC,MILLER'S AUTO & BODY REPAIR,005149372C,HOUSTON,TX,77018
CROSSROADS WRECKER SERVICE,,0000037499,HOUSTON,TX,77018
ONLYTOW WRECKER SERVICE LLC,,006602790C,HOUSTON,TX,77018
PREMIER TOWING & TRANSPORT INC.,,006529649C,HOUSTON,TX,77018
VEHICLE RELOCATION SPECIALIST,VEHICLE RELOCATION SPECIALIST,006507741C,HOUSTON,TX,77018
WILLIAM H ZAJICEK,WILL Z TOWING,006560145C,HOUSTON,TX,77018
AIRLINE WRECKER SERVICE,,005754511C,HOUSTON,TX,77037
HIDDEN VALLEY WRECKER INC,,006494061C,HOUSTON,TX,77037
JOSE HIPOLITO AYALA,J.A. TOWING,006619723C,HOUSTON,TX,77037
LUIS ALFONSO AUGUILAR HERNANDEZ,ASTRAL CITY TOWING,006582083C,HOUSTON,TX,77037
MIGUEL ORTEGA,MIKE WRECKER SERVICE,005828568C,HOUSTON,TX,77037
"0601 WRECKER SERVICE, LLC",,006607873C,HOUSTON,TX,77056
HITCH TOWING LLC,,006613699C,HOUSTON,TX,77056
ROYAL WAY SHIPPING LLC,ROYAL WAY TOWING,006627159C,HOUSTON,TX,77056
ALFREDO HERNANDEZ,ALFREDO'S WRECKER SERVICE,005050911C,HOUSTON,TX,77075
GEMINI TOWING LLC,,006522342C,HOUSTON,TX,77075
JESUS CANO,JVJ MOTION,005121388C,HOUSTON,TX,77075
JORGE BOTELLO,REDLINE TOWING & RECOVERY,006543110C,HOUSTON,TX,77075
JR AMIGOS CARS & TRUCKS LLC,,006540228C,HOUSTON,TX,77075
JUAN M. ORTA,ORVA'S TOWING,006327039C,HOUSTON,TX,77075
MARIO ESCOBAR,M ESCOBAR TOWING,006566081C,HOUSTON,TX,77075
NJC ASSET REPO LLC,,006516489C,HOUSTON,TX,77075
SALVADOR MARTINEZ,EL CHAVO TOWING,006525896C,HOUSTON,TX,77075
77094,No results,,,,
MAMOUN BADER,MOON TOWING,006627219C,SPRING,TX,77380
SMOOTH FLOW TOWING LLC,,006613719C,SPRING,TX,77380
77472,No results,,,,
4 ACES TOWING & RECOVERY LLC,,006559804C,CROSBY,TX,77532
A&S ROADSIDE LLC,,006596515C,CROSBY,TX,77532
BEST WAY TOWING LLC,,006596725C,CROSBY,TX,77532
LARRY TUBBS,TUBBS TOWING,006544242C,CROSBY,TX,77532
77019,No results,,,,
JOSE A PARADA,UNIVERSAL MOTORS AUTO REPAIR,006407437C,HOUSTON,TX,77038
METRO INVESTIGATION AND RECOVERY SOLUTIO,,006511994C,HOUSTON,TX,77038
OMEGA TOWING & RECOVERY LLC,,006566491C,HOUSTON,TX,77038
"UNDERGROUND TOWING AND RECOVERY, LLC",,006599678C,HOUSTON,TX,77038
ALPHA OMEGA ROADSIDE SERVICE LLC,,006523353C,HOUSTON,TX,77057
ESW TOWING LLC,ESW TOWING LLC,006528549C,HOUSTON,TX,77057
EURO STAR PARKING MANAGEMENT LLC,,006555762C,HOUSTON,TX,77057
EZ COLLISION LLC,EZ AUTO DRIVE,006532161C,HOUSTON,TX,77057
HOLLIMON TOWING LLC,,006607223C,HOUSTON,TX,77057
NA TOWING INC,,006552369C,HOUSTON,TX,77057
NAEL JALAMNEH,V1 TOWING,006525345C,HOUSTON,TX,77057
PRESTIGE AUTO TOWING LLC,,006611557C,HOUSTON,TX,77057
ANA MORALES,SM TOWING,006533072C,HOUSTON,TX,77076
"CORTEZ, CRUZ A.",,006001876C,HOUSTON,TX,77076
HECTOR JUAREZ,JUAREZ WRECKER SERVICE,006530079C,HOUSTON,TX,77076
JOSE A VILLEGAS SR,VILLEGAS TOWING SERVICES,006587188C,HOUSTON,TX,77076
BAIRES MANAGEMENT INC,BAIRES TRANSPORTATION,006626589C,HOUSTON,TX,77095
CY CREEK TOWING & RECOVERY,,005064992C,HOUSTON,TX,77095
CYPRESS 529 TOWING LLC,CYPRESS 529,006567871C,HOUSTON,TX,77095
L & RIVERON TRANSPORT LLC,,006621855C,HOUSTON,TX,77095
SASA STARS AND SONS INC.,READY AUTO TOW,006560675C,HOUSTON,TX,77095
WORLD TECH AUTO SERVICE & BODY LLC,,006121566C,HOUSTON,TX,77095
77381,No results,,,,
"A WRECKER SERVICE,LLC",A WRECKER SERVICE,006060211C,STAFFORD,TX,77477
AMERICAN AUTO TOWING,,006435587C,STAFFORD,TX,77477
"FORT BEND IMPOUND & RECOVERY, INC.",,005753961C,STAFFORD,TX,77477
LONGS TOWING LLC,,006566701C,STAFFORD,TX,77477
"MAKANSAM, INC",IDEAL TOWING,005746079C,STAFFORD,TX,77477
SUGAR LAND SERVICES LLC,,006531550C,STAFFORD,TX,77477
77536,No results,,,,
EL CHAPIN TRANSPORT LLC,,006530860C,HOUSTON,TX,77020
HTOWN PARKING SOLUTIONS LLC,TEXAS PARKING SOLUTIONS,006604772C,HOUSTON,TX,77020
MILAM STREET AUTO STORAGE INC,FAST TOW & ZONE ONE AUTO STORAGE,005036689C,HOUSTON,TX,77020
ALLAN MOTORS & WRECKER SERVICE LLC,,006582323C,HOUSTON,TX,77039
"ASSET RES SERVICES, LLC",PARADIGM RECOVERY SERVICES,006558202C,HOUSTON,TX,77039
ASSETS R. INC,ASSET RESOLUTIONS,006526637C,HOUSTON,TX,77039
ELVIRA ELIZABETH GUERRERO,FE AUTO SALES,006597135C,HOUSTON,TX,77039
K & K WRECKER,K & K WRECKER SV,005221628C,HOUSTON,TX,77039
MARKET AUTO TRADE LLC,,005919698C,HOUSTON,TX,77039
PATRICK ZAGAR,GATOR TOWING,006569723C,HOUSTON,TX,77039
"PREMIER ADJUSTERS, INC.",,005065422C,HOUSTON,TX,77039
RAFAEL ROMANO,ROMANO WRECKER SERVICE,006598867C,HOUSTON,TX,77039
SUPERIOR DIESEL INC,,006531350C,HOUSTON,TX,77039
77058,No results,,,,
HOUSTON ROAD RUNNER INC,,006546162C,HOUSTON,TX,77077
SIMCO TRANSPORT & TOWING LLC,,006623376C,HOUSTON,TX,77077
E L N INC,AMERICAN WRECKER COMPANY,006565140C,HOUSTON,TX,77096
RANGER TOW,,006422488C,HOUSTON,TX,77096
FRAZIER TOWING LLC,,006592181C,SPRING,TX,77382
KOLEON SERVICES LLC,,006615110C,THE WOODLANDS,TX,77382
"A.C. AUTOMOTIVE, INC.",,006583524C,SUGAR LAND,TX,77478
AL-AMANA TOWING,,006407827C,SUGAR LAND,TX,77478
PRO WRECKER ENTERPRISES LLC,ALFA AUTO SERVICES,006506392C,SUGAR LAND,TX,77478
"E & E TOWING, LLC",,006582043C,FRIENDSWOOD,TX,77546
FERNANDO GARZA,MTY RECOVERY AND SERVICES,006524304C,FRIENDSWOOD,TX,77546
LUIS GUEVARA,GUEVARA TOWING,006449697C,FRIENDSWOOD,TX,77546
